barcode,ENSG0,ENSG1,ENSG2,ENSG3,ENSG4,ENSG5,ENSG6,ENSG7
BC00-1,0.0,2.0,4.0,2.0,0.0,0.0,5.0,0.0
BC01-1,1.0,0.0,1.0,2.0,3.0,0.0,0.0,2.0
BC02-1,0.0,1.0,3.0,0.0,0.0,0.0,1.0,0.0
BC03-1,0.0,0.0,0.0,0.0,0.0,4.0,0.0,1.0
BC04-1,0.0,1.0,0.0,2.0,1.0,2.0,1.0,1.0
BC05-1,0.0,1.0,1.0,1.0,2.0,2.0,0.0,4.0
BC06-1,3.0,0.0,3.0,0.0,1.0,1.0,1.0,1.0
BC07-1,2.0,0.0,3.0,0.0,3.0,0.0,0.0,3.0
BC08-1,0.0,3.0,2.0,2.0,1.0,0.0,0.0,0.0
BC09-1,0.0,0.0,2.0,0.0,2.0,0.0,0.0,0.0
BC10-1,1.0,0.0,2.0,0.0,0.0,2.0,0.0,0.0
BC11-1,0.0,2.0,0.0,1.0,2.0,2.0,0.0,1.0
