i,j,x
1,8,0x1.6c7ca00000000p-1
1,11,0x1.b1b8920000000p-4
1,13,0x1.2f1db20000000p-1
1,16,0x1.b674500000000p-4
1,19,0x1.7f1b1e0000000p-2
1,20,0x1.7ad7840000000p-2
1,22,0x1.30713a0000000p-1
1,24,0x1.1d41220000000p-1
1,26,0x1.ce31c00000000p-1
1,41,0x1.7474980000000p-1
1,44,0x1.3fb1660000000p-2
1,45,0x1.38694a0000000p-2
1,47,0x1.097aa40000000p-2
1,55,0x1.9dc05a0000000p-1
1,56,0x1.1414460000000p-2
2,11,0x1.7669420000000p-3
2,13,0x1.5349a00000000p-1
2,19,0x1.bba95e0000000p-1
2,27,0x1.8e02660000000p-2
2,28,0x1.4895ca0000000p-1
2,29,0x1.9c5ad60000000p-5
2,30,0x1.85688a0000000p+0
2,34,0x1.a13c860000000p-6
2,35,0x1.781ddc0000000p-2
2,37,0x1.551e9a0000000p-2
3,4,0x1.126d8a0000000p-1
3,7,0x1.9bf4da0000000p-1
3,10,0x1.dbd84a0000000p-1
3,11,0x1.af8dc20000000p-1
3,14,0x1.61d0a60000000p-2
3,19,0x1.55469a0000000p-4
3,21,0x1.853bd60000000p-1
3,22,0x1.27e2580000000p+0
3,26,0x1.b0acb20000000p-5
3,28,0x1.4c20460000000p-2
3,30,0x1.2050f80000000p-4
3,32,0x1.3028de0000000p-4
3,38,0x1.61c5dc0000000p-3
3,44,0x1.9939ea0000000p-1
3,45,0x1.101bdc0000000p-1
3,48,0x1.2c7d1e0000000p-1
3,50,0x1.334f3a0000000p-1
3,54,0x1.63eb560000000p-3
4,3,0x1.126d8a0000000p-1
4,8,0x1.50a42e0000000p-1
4,16,0x1.0c31200000000p-1
4,23,0x1.6d66e00000000p-2
4,24,0x1.8520ca0000000p-2
4,26,0x1.8a21f20000000p-1
4,28,0x1.a7b77a0000000p-1
4,32,0x1.4a1bfa0000000p+0
4,42,0x1.02ad600000000p-1
4,43,0x1.29c5020000000p-1
4,44,0x1.a0de5e0000000p-1
4,49,0x1.8cc0480000000p-2
4,51,0x1.5e669e0000000p-1
4,53,0x1.1351220000000p-2
5,7,0x1.948f920000000p-1
5,8,0x1.e89fd80000000p-2
5,9,0x1.36899e0000000p-3
5,13,0x1.73e9b60000000p-2
5,17,0x1.fafc540000000p-1
5,21,0x1.0b9c4e0000000p-1
5,26,0x1.2ce00e0000000p-2
5,32,0x1.a5b4140000000p-3
5,41,0x1.ee25a00000000p-1
5,42,0x1.dcf6a00000000p-1
5,50,0x1.d344320000000p-1
5,55,0x1.948ba20000000p-1
5,58,0x1.8b79240000000p-2
5,59,0x1.52d7ec0000000p-2
6,6,0x1.2053440000000p-5
6,8,0x1.846d4a0000000p-4
6,9,0x1.5c1bde0000000p-2
6,12,0x1.4f67060000000p-2
6,23,0x1.3efada0000000p-3
6,25,0x1.2c6ae20000000p-3
6,29,0x1.16d2700000000p-1
6,30,0x1.42a4060000000p-4
6,31,0x1.17c93e0000000p-5
6,32,0x1.5e9f6c0000000p-1
6,34,0x1.60bcb80000000p-1
6,38,0x1.7be8260000000p-2
6,40,0x1.f851a00000000p-3
6,45,0x1.22db2c0000000p-1
6,46,0x1.8aef7e0000000p-1
6,52,0x1.2200680000000p-3
6,55,0x1.557cb20000000p-1
6,57,0x1.ab57200000000p-1
7,3,0x1.9bf4da0000000p-1
7,5,0x1.948f920000000p-1
7,7,0x1.5302640000000p+0
7,10,0x1.47a3dc0000000p-2
7,14,0x1.5bf7740000000p-2
7,16,0x1.aa5fa80000000p-1
7,21,0x1.a028da0000000p-1
7,26,0x1.d24eea0000000p-1
7,38,0x1.71c6d20000000p-1
7,41,0x1.f60e500000000p-3
7,44,0x1.5c72b40000000p-1
7,47,0x1.f0e7200000000p-1
7,50,0x1.e7026a0000000p-6
8,1,0x1.6c7ca00000000p-1
8,4,0x1.50a42e0000000p-1
8,5,0x1.e89fd80000000p-2
8,6,0x1.846d4a0000000p-4
8,10,0x1.66dd6c0000000p-1
8,27,0x1.ffabfe0000000p-4
8,30,0x1.6400640000000p-2
8,37,0x1.3b2c7a0000000p-4
8,38,0x1.787e6c0000000p-3
8,40,0x1.79f0040000000p-2
8,44,0x1.cf60be0000000p-2
8,59,0x1.8501c60000000p-1
9,5,0x1.36899e0000000p-3
9,6,0x1.5c1bde0000000p-2
9,11,0x1.da6d7a0000000p-1
9,15,0x1.8884e20000000p-2
9,16,0x1.8b0e6c0000000p-1
9,26,0x1.edad220000000p-1
9,27,0x1.644c700000000p-3
9,32,0x1.e57b900000000p-3
9,35,0x1.41dedc0000000p-2
9,40,0x1.7dede20000000p-2
9,47,0x1.b0dfa00000000p-1
9,49,0x1.01cb1e0000000p-1
9,58,0x1.46952e0000000p+0
10,3,0x1.dbd84a0000000p-1
10,7,0x1.47a3dc0000000p-2
10,8,0x1.66dd6c0000000p-1
10,13,0x1.a2c82c0000000p-1
10,15,0x1.5874120000000p-1
10,20,0x1.d5e0020000000p-4
10,22,0x1.57eab20000000p+0
10,23,0x1.c15eea0000000p-1
10,24,0x1.227ea00000000p-1
10,34,0x1.10eb540000000p-3
10,37,0x1.5472760000000p-5
10,46,0x1.0fefa20000000p-2
10,48,0x1.3adf480000000p+0
10,49,0x1.4f8a300000000p-1
10,50,0x1.5e251a0000000p+0
10,53,0x1.19e9460000000p-1
10,59,0x1.ef0ab60000000p-1
11,1,0x1.b1b8920000000p-4
11,2,0x1.7669420000000p-3
11,3,0x1.af8dc20000000p-1
11,9,0x1.da6d7a0000000p-1
11,13,0x1.17fabc0000000p-1
11,17,0x1.2053b20000000p-1
11,18,0x1.7f11980000000p-1
11,20,0x1.8937c40000000p-2
11,28,0x1.020a580000000p-1
11,30,0x1.c3b53c0000000p-2
11,31,0x1.8707060000000p-1
11,35,0x1.96b7180000000p-2
11,36,0x1.0c29a80000000p+0
11,39,0x1.23325c0000000p-1
11,42,0x1.2a40400000000p-2
11,43,0x1.205c460000000p-1
11,45,0x1.2234140000000p-3
11,48,0x1.2f44820000000p-2
11,51,0x1.45d7dc0000000p-4
11,52,0x1.08a2560000000p-1
11,58,0x1.251d460000000p-5
12,6,0x1.4f67060000000p-2
12,18,0x1.1005e00000000p-1
12,21,0x1.147de40000000p-1
12,27,0x1.19fefc0000000p-1
12,29,0x1.4deccc0000000p-5
12,31,0x1.c69ab20000000p-5
12,32,0x1.0cdde60000000p-3
12,33,0x1.6ad7040000000p-1
12,34,0x1.6b3dde0000000p-2
12,38,0x1.5aa23c0000000p-1
12,45,0x1.8754ec0000000p-1
12,52,0x1.fdfd5e0000000p-2
12,53,0x1.c719f60000000p-3
12,58,0x1.06ddb80000000p-4
13,1,0x1.2f1db20000000p-1
13,2,0x1.5349a00000000p-1
13,5,0x1.73e9b60000000p-2
13,10,0x1.a2c82c0000000p-1
13,11,0x1.17fabc0000000p-1
13,17,0x1.63fa060000000p-1
13,18,0x1.beda360000000p-1
13,19,0x1.b1cd900000000p-1
13,27,0x1.e99f9c0000000p-1
13,29,0x1.29d49e0000000p-2
13,36,0x1.1417b20000000p-1
13,43,0x1.ce6af80000000p-1
13,57,0x1.ee1e580000000p-2
13,58,0x1.95b0f40000000p+0
14,3,0x1.61d0a60000000p-2
14,7,0x1.5bf7740000000p-2
14,16,0x1.39eb7a0000000p-1
14,18,0x1.ae39620000000p-1
14,19,0x1.bbb67e0000000p-2
14,20,0x1.7cf1b20000000p-1
14,24,0x1.925f1c0000000p-3
14,27,0x1.d413280000000p-2
14,28,0x1.f5ca580000000p-5
14,31,0x1.9ba4d00000000p-1
14,40,0x1.f69bda0000000p-1
14,47,0x1.522c8c0000000p-1
14,56,0x1.a00d580000000p-2
14,57,0x1.04479a0000000p-5
14,58,0x1.9158d80000000p-1
15,9,0x1.8884e20000000p-2
15,10,0x1.5874120000000p-1
15,16,0x1.1a413e0000000p-1
15,17,0x1.059c9c0000000p-1
15,18,0x1.79e3d80000000p-2
15,19,0x1.b7d38a0000000p-1
15,25,0x1.99b2d80000000p-1
15,32,0x1.6095380000000p-6
15,33,0x1.674d500000000p-1
15,35,0x1.36ed400000000p-1
15,37,0x1.d55ba20000000p-1
15,38,0x1.56323e0000000p-2
15,40,0x1.f021b60000000p-1
15,42,0x1.0d7e060000000p-2
15,45,0x1.7fdc520000000p-2
15,47,0x1.01a82e0000000p-2
16,1,0x1.b674500000000p-4
16,4,0x1.0c31200000000p-1
16,7,0x1.aa5fa80000000p-1
16,9,0x1.8b0e6c0000000p-1
16,14,0x1.39eb7a0000000p-1
16,15,0x1.1a413e0000000p-1
16,16,0x1.843f4a0000000p-1
16,18,0x1.7960780000000p-2
16,22,0x1.3a0a340000000p-3
16,23,0x1.21da720000000p-1
16,31,0x1.e984be0000000p-9
16,34,0x1.1746180000000p-1
16,36,0x1.af0a880000000p-1
16,40,0x1.58e19c0000000p-2
16,41,0x1.48bed00000000p-2
16,43,0x1.1f221a0000000p-1
16,44,0x1.a93e280000000p-1
16,45,0x1.374bdc0000000p-1
16,47,0x1.e12e9a0000000p-1
16,50,0x1.ab5db40000000p-1
16,51,0x1.83552c0000000p-1
16,57,0x1.50bfcc0000000p-4
17,5,0x1.fafc540000000p-1
17,11,0x1.2053b20000000p-1
17,13,0x1.63fa060000000p-1
17,15,0x1.059c9c0000000p-1
17,23,0x1.5e48ec0000000p-2
17,25,0x1.4a3d040000000p-2
17,34,0x1.c9fab60000000p-1
17,37,0x1.dedb960000000p-1
17,42,0x1.4b8dea0000000p-2
17,43,0x1.fc0d5a0000000p-2
17,49,0x1.4aeed00000000p-1
17,53,0x1.6247220000000p-1
17,58,0x1.678cfc0000000p-1
17,59,0x1.efcc400000000p-1
18,11,0x1.7f11980000000p-1
18,12,0x1.1005e00000000p-1
18,13,0x1.beda360000000p-1
18,14,0x1.ae39620000000p-1
18,15,0x1.79e3d80000000p-2
18,16,0x1.7960780000000p-2
18,21,0x1.67ea540000000p-1
18,27,0x1.bb1f8c0000000p-1
18,28,0x1.4c916e0000000p-1
18,30,0x1.ec82ba0000000p-1
18,34,0x1.e7c7b20000000p-3
18,37,0x1.5e534e0000000p+0
18,51,0x1.cd163e0000000p-1
18,59,0x1.8931900000000p-4
19,1,0x1.7f1b1e0000000p-2
19,2,0x1.bba95e0000000p-1
19,3,0x1.55469a0000000p-4
19,13,0x1.b1cd900000000p-1
19,14,0x1.bbb67e0000000p-2
19,15,0x1.b7d38a0000000p-1
19,21,0x1.29cf080000000p-2
19,22,0x1.91502a0000000p-1
19,25,0x1.f304be0000000p-3
19,28,0x1.256a620000000p-1
19,32,0x1.a051ac0000000p-1
19,34,0x1.9b93080000000p-3
19,38,0x1.624c960000000p+0
19,42,0x1.cc19340000000p-1
19,46,0x1.b59f4e0000000p-4
19,51,0x1.e7c68e0000000p-4
19,54,0x1.44745c0000000p-2
19,58,0x1.f0fcb60000000p-1
19,59,0x1.df1c0a0000000p-1
20,1,0x1.7ad7840000000p-2
20,10,0x1.d5e0020000000p-4
20,11,0x1.8937c40000000p-2
20,14,0x1.7cf1b20000000p-1
20,22,0x1.490fc20000000p-1
20,33,0x1.6681ec0000000p-2
20,36,0x1.c252260000000p+0
20,38,0x1.945c6a0000000p-1
20,39,0x1.e080ac0000000p-2
20,46,0x1.a1eb160000000p-1
20,48,0x1.512c840000000p-1
20,53,0x1.5f1d8e0000000p-1
20,57,0x1.3422640000000p-1
20,59,0x1.e516b80000000p-1
21,3,0x1.853bd60000000p-1
21,5,0x1.0b9c4e0000000p-1
21,7,0x1.a028da0000000p-1
21,12,0x1.147de40000000p-1
21,18,0x1.67ea540000000p-1
21,19,0x1.29cf080000000p-2
21,22,0x1.1e49b00000000p-1
21,24,0x1.2301900000000p-1
21,29,0x1.8e2f180000000p-2
21,31,0x1.d676c00000000p-1
21,34,0x1.7cbb0e0000000p+0
21,42,0x1.aeb48a0000000p-1
21,43,0x1.09b5860000000p-1
21,45,0x1.c818940000000p-3
21,47,0x1.eba5980000000p-1
21,52,0x1.16e8d00000000p-3
21,53,0x1.caa5760000000p-2
21,57,0x1.9916e40000000p-1
22,1,0x1.30713a0000000p-1
22,3,0x1.27e2580000000p+0
22,10,0x1.57eab20000000p+0
22,16,0x1.3a0a340000000p-3
22,19,0x1.91502a0000000p-1
22,20,0x1.490fc20000000p-1
22,21,0x1.1e49b00000000p-1
22,25,0x1.28d35c0000000p+0
22,37,0x1.0991260000000p-1
22,38,0x1.c1a93c0000000p-4
22,45,0x1.76a6a60000000p-2
22,51,0x1.0f34280000000p-4
22,54,0x1.c7ad800000000p-1
22,55,0x1.2c95560000000p-2
22,59,0x1.32d8600000000p-1
23,4,0x1.6d66e00000000p-2
23,6,0x1.3efada0000000p-3
23,10,0x1.c15eea0000000p-1
23,16,0x1.21da720000000p-1
23,17,0x1.5e48ec0000000p-2
23,29,0x1.622eb60000000p-1
23,31,0x1.734fc20000000p-4
23,36,0x1.25a8bc0000000p-4
23,37,0x1.a9a7960000000p-2
23,38,0x1.b8f2ea0000000p-1
23,39,0x1.982c340000000p-2
23,40,0x1.fa73380000000p-2
23,46,0x1.83dc5e0000000p-2
23,53,0x1.11eff80000000p-2
24,1,0x1.1d41220000000p-1
24,4,0x1.8520ca0000000p-2
24,10,0x1.227ea00000000p-1
24,14,0x1.925f1c0000000p-3
24,21,0x1.2301900000000p-1
24,26,0x1.f3873c0000000p-3
24,27,0x1.c675fe0000000p-6
24,34,0x1.f747760000000p-1
24,45,0x1.80556a0000000p-2
24,50,0x1.360e760000000p-5
24,52,0x1.d5975c0000000p-2
24,57,0x1.cfeede0000000p-1
25,6,0x1.2c6ae20000000p-3
25,15,0x1.99b2d80000000p-1
25,17,0x1.4a3d040000000p-2
25,19,0x1.f304be0000000p-3
25,22,0x1.28d35c0000000p+0
25,32,0x1.5e83080000000p-2
25,33,0x1.837f920000000p-1
25,35,0x1.8d09f20000000p-2
25,36,0x1.b9c3760000000p-1
25,37,0x1.8a25e40000000p-1
25,38,0x1.ec36ca0000000p-2
25,39,0x1.ded5b20000000p-2
25,40,0x1.b5daa60000000p-1
25,42,0x1.b269680000000p-2
25,43,0x1.51a4120000000p-3
25,44,0x1.40845a0000000p-1
25,45,0x1.524b7c0000000p-1
25,49,0x1.4357b00000000p-3
25,56,0x1.c0abca0000000p-2
26,1,0x1.ce31c00000000p-1
26,3,0x1.b0acb20000000p-5
26,4,0x1.8a21f20000000p-1
26,5,0x1.2ce00e0000000p-2
26,7,0x1.d24eea0000000p-1
26,9,0x1.edad220000000p-1
26,24,0x1.f3873c0000000p-3
26,27,0x1.06bafe0000000p-2
26,31,0x1.c3f3840000000p-2
26,38,0x1.351a740000000p-1
26,40,0x1.1b6ef80000000p-3
26,41,0x1.29c4f60000000p-1
26,42,0x1.65b4f20000000p-1
27,2,0x1.8e02660000000p-2
27,8,0x1.ffabfe0000000p-4
27,9,0x1.644c700000000p-3
27,12,0x1.19fefc0000000p-1
27,13,0x1.e99f9c0000000p-1
27,14,0x1.d413280000000p-2
27,18,0x1.bb1f8c0000000p-1
27,24,0x1.c675fe0000000p-6
27,26,0x1.06bafe0000000p-2
27,32,0x1.3845c80000000p-1
27,37,0x1.e245e80000000p-1
27,43,0x1.2c26d40000000p+0
27,45,0x1.a9f98c0000000p-1
27,48,0x1.63e3140000000p-1
27,49,0x1.cd22500000000p-3
27,51,0x1.beb8ee0000000p-1
27,56,0x1.1464b80000000p-1
27,59,0x1.b1ca4c0000000p-1
28,2,0x1.4895ca0000000p-1
28,3,0x1.4c20460000000p-2
28,4,0x1.a7b77a0000000p-1
28,11,0x1.020a580000000p-1
28,14,0x1.f5ca580000000p-5
28,18,0x1.4c916e0000000p-1
28,19,0x1.256a620000000p-1
28,28,0x1.07430a0000000p+0
28,30,0x1.5cdd1e0000000p-1
28,34,0x1.fc27340000000p-2
28,37,0x1.37a60a0000000p+0
28,39,0x1.f813700000000p-2
28,40,0x1.eac5760000000p-3
28,41,0x1.ef21520000000p-2
28,46,0x1.ac0fcc0000000p-2
28,51,0x1.3633040000000p-1
28,54,0x1.00a1b00000000p-3
28,55,0x1.b5f0960000000p-1
29,2,0x1.9c5ad60000000p-5
29,6,0x1.16d2700000000p-1
29,12,0x1.4deccc0000000p-5
29,13,0x1.29d49e0000000p-2
29,21,0x1.8e2f180000000p-2
29,23,0x1.622eb60000000p-1
29,32,0x1.1127f80000000p-6
29,34,0x1.bf958c0000000p-1
29,35,0x1.7bfa620000000p-1
29,36,0x1.2314b60000000p+0
29,37,0x1.bdb92a0000000p-1
29,45,0x1.3039ae0000000p-1
29,51,0x1.57e83e0000000p-1
29,53,0x1.219ab40000000p-5
29,54,0x1.924be60000000p-1
29,55,0x1.a5fddc0000000p-1
30,2,0x1.85688a0000000p+0
30,3,0x1.2050f80000000p-4
30,6,0x1.42a4060000000p-4
30,8,0x1.6400640000000p-2
30,11,0x1.c3b53c0000000p-2
30,18,0x1.ec82ba0000000p-1
30,28,0x1.5cdd1e0000000p-1
30,31,0x1.5ef08e0000000p-3
30,35,0x1.4e75b00000000p-5
30,44,0x1.5d23020000000p-2
30,53,0x1.fed2440000000p-1
30,55,0x1.befad20000000p-1
30,56,0x1.58a2ea0000000p-2
30,58,0x1.64fcae0000000p-1
31,6,0x1.17c93e0000000p-5
31,11,0x1.8707060000000p-1
31,12,0x1.c69ab20000000p-5
31,14,0x1.9ba4d00000000p-1
31,16,0x1.e984be0000000p-9
31,21,0x1.d676c00000000p-1
31,23,0x1.734fc20000000p-4
31,26,0x1.c3f3840000000p-2
31,30,0x1.5ef08e0000000p-3
31,33,0x1.fca2a00000000p-1
31,34,0x1.89222a0000000p-1
31,35,0x1.a0e1ee0000000p-1
31,42,0x1.3fb4c00000000p-4
31,44,0x1.0227240000000p-1
31,50,0x1.5dd50a0000000p-1
31,51,0x1.e035020000000p-3
31,52,0x1.69615a0000000p-1
31,54,0x1.09df960000000p-3
31,56,0x1.f3bdce0000000p-1
31,57,0x1.c7859a0000000p-1
32,3,0x1.3028de0000000p-4
32,4,0x1.4a1bfa0000000p+0
32,5,0x1.a5b4140000000p-3
32,6,0x1.5e9f6c0000000p-1
32,9,0x1.e57b900000000p-3
32,12,0x1.0cdde60000000p-3
32,15,0x1.6095380000000p-6
32,19,0x1.a051ac0000000p-1
32,25,0x1.5e83080000000p-2
32,27,0x1.3845c80000000p-1
32,29,0x1.1127f80000000p-6
32,41,0x1.f974b80000000p-4
32,47,0x1.638f260000000p-2
32,48,0x1.51defe0000000p-3
32,51,0x1.48a7fa0000000p-1
32,53,0x1.31fd9a0000000p-1
33,12,0x1.6ad7040000000p-1
33,15,0x1.674d500000000p-1
33,20,0x1.6681ec0000000p-2
33,25,0x1.837f920000000p-1
33,31,0x1.fca2a00000000p-1
33,35,0x1.d7832e0000000p-1
33,39,0x1.21210a0000000p-1
33,44,0x1.8351640000000p-1
33,45,0x1.6e55880000000p-2
33,46,0x1.b4d9fc0000000p-4
33,47,0x1.0aebde0000000p-1
33,49,0x1.d133c40000000p-2
33,50,0x1.712f3c0000000p-2
33,52,0x1.8c46140000000p-1
33,57,0x1.aa3c460000000p-7
33,58,0x1.dbdc8c0000000p-1
34,2,0x1.a13c860000000p-6
34,6,0x1.60bcb80000000p-1
34,10,0x1.10eb540000000p-3
34,12,0x1.6b3dde0000000p-2
34,16,0x1.1746180000000p-1
34,17,0x1.c9fab60000000p-1
34,18,0x1.e7c7b20000000p-3
34,19,0x1.9b93080000000p-3
34,21,0x1.7cbb0e0000000p+0
34,24,0x1.f747760000000p-1
34,28,0x1.fc27340000000p-2
34,29,0x1.bf958c0000000p-1
34,31,0x1.89222a0000000p-1
34,34,0x1.7c65b60000000p+0
34,42,0x1.25aa9c0000000p-2
34,44,0x1.17865c0000000p-1
34,47,0x1.4ab9420000000p-2
34,51,0x1.b943de0000000p-3
34,55,0x1.2f5db80000000p-2
34,59,0x1.a3ae000000000p-1
35,2,0x1.781ddc0000000p-2
35,9,0x1.41dedc0000000p-2
35,11,0x1.96b7180000000p-2
35,15,0x1.36ed400000000p-1
35,25,0x1.8d09f20000000p-2
35,29,0x1.7bfa620000000p-1
35,30,0x1.4e75b00000000p-5
35,31,0x1.a0e1ee0000000p-1
35,33,0x1.d7832e0000000p-1
35,39,0x1.aafa580000000p-5
35,41,0x1.c15a7c0000000p-1
35,43,0x1.4cc7060000000p-5
35,45,0x1.e1c7bc0000000p-1
35,46,0x1.f64b3e0000000p-1
35,47,0x1.2223a80000000p-1
35,50,0x1.b6c9280000000p-7
36,11,0x1.0c29a80000000p+0
36,13,0x1.1417b20000000p-1
36,16,0x1.af0a880000000p-1
36,20,0x1.c252260000000p+0
36,23,0x1.25a8bc0000000p-4
36,25,0x1.b9c3760000000p-1
36,29,0x1.2314b60000000p+0
36,40,0x1.d60db80000000p-2
36,45,0x1.129cbc0000000p-2
36,47,0x1.14710a0000000p-2
36,54,0x1.fa18340000000p-1
37,2,0x1.551e9a0000000p-2
37,8,0x1.3b2c7a0000000p-4
37,10,0x1.5472760000000p-5
37,15,0x1.d55ba20000000p-1
37,17,0x1.dedb960000000p-1
37,18,0x1.5e534e0000000p+0
37,22,0x1.0991260000000p-1
37,23,0x1.a9a7960000000p-2
37,25,0x1.8a25e40000000p-1
37,27,0x1.e245e80000000p-1
37,28,0x1.37a60a0000000p+0
37,29,0x1.bdb92a0000000p-1
37,38,0x1.da094e0000000p-8
37,40,0x1.2c08460000000p-3
37,41,0x1.c2a9560000000p-2
37,42,0x1.ca2aee0000000p-4
37,43,0x1.c42a360000000p-1
37,48,0x1.eed8200000000p-1
37,51,0x1.0f2efc0000000p-1
37,52,0x1.e501aa0000000p-1
37,54,0x1.3f13420000000p-1
37,57,0x1.89d24a0000000p-1
37,59,0x1.b76ef80000000p-1
38,3,0x1.61c5dc0000000p-3
38,6,0x1.7be8260000000p-2
38,7,0x1.71c6d20000000p-1
38,8,0x1.787e6c0000000p-3
38,12,0x1.5aa23c0000000p-1
38,15,0x1.56323e0000000p-2
38,19,0x1.624c960000000p+0
38,20,0x1.945c6a0000000p-1
38,22,0x1.c1a93c0000000p-4
38,23,0x1.b8f2ea0000000p-1
38,25,0x1.ec36ca0000000p-2
38,26,0x1.351a740000000p-1
38,37,0x1.da094e0000000p-8
38,41,0x1.5c8cae0000000p-1
38,45,0x1.7b6f700000000p-2
38,47,0x1.a8771c0000000p-3
38,48,0x1.2015300000000p-1
38,52,0x1.ce46700000000p-1
39,11,0x1.23325c0000000p-1
39,20,0x1.e080ac0000000p-2
39,23,0x1.982c340000000p-2
39,25,0x1.ded5b20000000p-2
39,28,0x1.f813700000000p-2
39,33,0x1.21210a0000000p-1
39,35,0x1.aafa580000000p-5
39,42,0x1.fd18d00000000p-2
39,47,0x1.7923940000000p-5
39,50,0x1.0b63d20000000p-1
39,52,0x1.3a36020000000p-2
39,53,0x1.4a0bf40000000p-1
39,55,0x1.6987040000000p-1
39,58,0x1.8b25bc0000000p-1
40,6,0x1.f851a00000000p-3
40,8,0x1.79f0040000000p-2
40,9,0x1.7dede20000000p-2
40,14,0x1.f69bda0000000p-1
40,15,0x1.f021b60000000p-1
40,16,0x1.58e19c0000000p-2
40,23,0x1.fa73380000000p-2
40,25,0x1.b5daa60000000p-1
40,26,0x1.1b6ef80000000p-3
40,28,0x1.eac5760000000p-3
40,36,0x1.d60db80000000p-2
40,37,0x1.2c08460000000p-3
40,41,0x1.efcf300000000p-3
40,42,0x1.fe28cc0000000p-1
40,43,0x1.b6aea40000000p-1
40,45,0x1.dfbc3a0000000p-1
40,46,0x1.3dc9dc0000000p-2
40,48,0x1.7ce3900000000p-4
40,49,0x1.c9a8be0000000p-1
40,50,0x1.5b89a00000000p-5
40,52,0x1.3baf880000000p-1
40,57,0x1.56c39c0000000p-2
40,58,0x1.f078f40000000p-1
41,1,0x1.7474980000000p-1
41,5,0x1.ee25a00000000p-1
41,7,0x1.f60e500000000p-3
41,16,0x1.48bed00000000p-2
41,26,0x1.29c4f60000000p-1
41,28,0x1.ef21520000000p-2
41,32,0x1.f974b80000000p-4
41,35,0x1.c15a7c0000000p-1
41,37,0x1.c2a9560000000p-2
41,38,0x1.5c8cae0000000p-1
41,40,0x1.efcf300000000p-3
41,42,0x1.8f9b880000000p-1
41,43,0x1.9bcb240000000p-2
41,56,0x1.5019340000000p-1
42,4,0x1.02ad600000000p-1
42,5,0x1.dcf6a00000000p-1
42,11,0x1.2a40400000000p-2
42,15,0x1.0d7e060000000p-2
42,17,0x1.4b8dea0000000p-2
42,19,0x1.cc19340000000p-1
42,21,0x1.aeb48a0000000p-1
42,25,0x1.b269680000000p-2
42,26,0x1.65b4f20000000p-1
42,31,0x1.3fb4c00000000p-4
42,34,0x1.25aa9c0000000p-2
42,37,0x1.ca2aee0000000p-4
42,39,0x1.fd18d00000000p-2
42,40,0x1.fe28cc0000000p-1
42,41,0x1.8f9b880000000p-1
42,45,0x1.63c1220000000p-2
42,46,0x1.d7de520000000p-1
42,52,0x1.3c59360000000p+0
42,54,0x1.347e280000000p-3
42,55,0x1.fae84e0000000p-1
42,57,0x1.b21f7a0000000p-7
42,58,0x1.1a70b20000000p-1
43,4,0x1.29c5020000000p-1
43,11,0x1.205c460000000p-1
43,13,0x1.ce6af80000000p-1
43,16,0x1.1f221a0000000p-1
43,17,0x1.fc0d5a0000000p-2
43,21,0x1.09b5860000000p-1
43,25,0x1.51a4120000000p-3
43,27,0x1.2c26d40000000p+0
43,35,0x1.4cc7060000000p-5
43,37,0x1.c42a360000000p-1
43,40,0x1.b6aea40000000p-1
43,41,0x1.9bcb240000000p-2
43,44,0x1.4645f80000000p+0
43,50,0x1.d0f0200000000p-13
43,51,0x1.69f4440000000p-4
43,52,0x1.43556a0000000p-7
43,54,0x1.1f2bea0000000p-3
43,55,0x1.341e700000000p-1
43,56,0x1.ebaee00000000p-3
43,57,0x1.7166a80000000p+0
44,1,0x1.3fb1660000000p-2
44,3,0x1.9939ea0000000p-1
44,4,0x1.a0de5e0000000p-1
44,7,0x1.5c72b40000000p-1
44,8,0x1.cf60be0000000p-2
44,16,0x1.a93e280000000p-1
44,25,0x1.40845a0000000p-1
44,30,0x1.5d23020000000p-2
44,31,0x1.0227240000000p-1
44,33,0x1.8351640000000p-1
44,34,0x1.17865c0000000p-1
44,43,0x1.4645f80000000p+0
44,47,0x1.1c5b360000000p-3
44,50,0x1.b2560e0000000p-1
44,51,0x1.850aa20000000p-1
44,56,0x1.ff02b20000000p-1
44,57,0x1.f89d820000000p-5
44,58,0x1.3bcd540000000p-1
45,1,0x1.38694a0000000p-2
45,3,0x1.101bdc0000000p-1
45,6,0x1.22db2c0000000p-1
45,11,0x1.2234140000000p-3
45,12,0x1.8754ec0000000p-1
45,15,0x1.7fdc520000000p-2
45,16,0x1.374bdc0000000p-1
45,21,0x1.c818940000000p-3
45,22,0x1.76a6a60000000p-2
45,24,0x1.80556a0000000p-2
45,25,0x1.524b7c0000000p-1
45,27,0x1.a9f98c0000000p-1
45,29,0x1.3039ae0000000p-1
45,33,0x1.6e55880000000p-2
45,35,0x1.e1c7bc0000000p-1
45,36,0x1.129cbc0000000p-2
45,38,0x1.7b6f700000000p-2
45,40,0x1.dfbc3a0000000p-1
45,42,0x1.63c1220000000p-2
45,54,0x1.4be7b60000000p-4
46,6,0x1.8aef7e0000000p-1
46,10,0x1.0fefa20000000p-2
46,19,0x1.b59f4e0000000p-4
46,20,0x1.a1eb160000000p-1
46,23,0x1.83dc5e0000000p-2
46,28,0x1.ac0fcc0000000p-2
46,33,0x1.b4d9fc0000000p-4
46,35,0x1.f64b3e0000000p-1
46,40,0x1.3dc9dc0000000p-2
46,42,0x1.d7de520000000p-1
46,51,0x1.cfbfa80000000p-4
46,52,0x1.8ea23e0000000p-4
47,1,0x1.097aa40000000p-2
47,7,0x1.f0e7200000000p-1
47,9,0x1.b0dfa00000000p-1
47,14,0x1.522c8c0000000p-1
47,15,0x1.01a82e0000000p-2
47,16,0x1.e12e9a0000000p-1
47,21,0x1.eba5980000000p-1
47,32,0x1.638f260000000p-2
47,33,0x1.0aebde0000000p-1
47,34,0x1.4ab9420000000p-2
47,35,0x1.2223a80000000p-1
47,36,0x1.14710a0000000p-2
47,38,0x1.a8771c0000000p-3
47,39,0x1.7923940000000p-5
47,44,0x1.1c5b360000000p-3
47,49,0x1.9574e00000000p-5
47,57,0x1.9a190e0000000p-1
48,3,0x1.2c7d1e0000000p-1
48,10,0x1.3adf480000000p+0
48,11,0x1.2f44820000000p-2
48,20,0x1.512c840000000p-1
48,27,0x1.63e3140000000p-1
48,32,0x1.51defe0000000p-3
48,37,0x1.eed8200000000p-1
48,38,0x1.2015300000000p-1
48,40,0x1.7ce3900000000p-4
48,48,0x1.f6cfea0000000p-3
48,49,0x1.2de6460000000p-4
49,4,0x1.8cc0480000000p-2
49,9,0x1.01cb1e0000000p-1
49,10,0x1.4f8a300000000p-1
49,17,0x1.4aeed00000000p-1
49,25,0x1.4357b00000000p-3
49,27,0x1.cd22500000000p-3
49,33,0x1.d133c40000000p-2
49,40,0x1.c9a8be0000000p-1
49,47,0x1.9574e00000000p-5
49,48,0x1.2de6460000000p-4
49,50,0x1.5cb41c0000000p-1
49,51,0x1.4eeb960000000p-1
49,54,0x1.58eff80000000p-2
49,55,0x1.a2b9160000000p-1
49,57,0x1.91e3160000000p-2
49,58,0x1.2e80340000000p-3
49,59,0x1.2f35240000000p-1
50,3,0x1.334f3a0000000p-1
50,5,0x1.d344320000000p-1
50,7,0x1.e7026a0000000p-6
50,10,0x1.5e251a0000000p+0
50,16,0x1.ab5db40000000p-1
50,24,0x1.360e760000000p-5
50,31,0x1.5dd50a0000000p-1
50,33,0x1.712f3c0000000p-2
50,35,0x1.b6c9280000000p-7
50,39,0x1.0b63d20000000p-1
50,40,0x1.5b89a00000000p-5
50,43,0x1.d0f0200000000p-13
50,44,0x1.b2560e0000000p-1
50,49,0x1.5cb41c0000000p-1
50,52,0x1.aac9760000000p-2
50,54,0x1.b73c100000000p-2
50,55,0x1.5bb4c20000000p-2
50,57,0x1.f69fb00000000p-10
51,4,0x1.5e669e0000000p-1
51,11,0x1.45d7dc0000000p-4
51,16,0x1.83552c0000000p-1
51,18,0x1.cd163e0000000p-1
51,19,0x1.e7c68e0000000p-4
51,22,0x1.0f34280000000p-4
51,27,0x1.beb8ee0000000p-1
51,28,0x1.3633040000000p-1
51,29,0x1.57e83e0000000p-1
51,31,0x1.e035020000000p-3
51,32,0x1.48a7fa0000000p-1
51,34,0x1.b943de0000000p-3
51,37,0x1.0f2efc0000000p-1
51,43,0x1.69f4440000000p-4
51,44,0x1.850aa20000000p-1
51,46,0x1.cfbfa80000000p-4
51,49,0x1.4eeb960000000p-1
51,55,0x1.ec72e20000000p-2
52,6,0x1.2200680000000p-3
52,11,0x1.08a2560000000p-1
52,12,0x1.fdfd5e0000000p-2
52,21,0x1.16e8d00000000p-3
52,24,0x1.d5975c0000000p-2
52,31,0x1.69615a0000000p-1
52,33,0x1.8c46140000000p-1
52,37,0x1.e501aa0000000p-1
52,38,0x1.ce46700000000p-1
52,39,0x1.3a36020000000p-2
52,40,0x1.3baf880000000p-1
52,42,0x1.3c59360000000p+0
52,43,0x1.43556a0000000p-7
52,46,0x1.8ea23e0000000p-4
52,50,0x1.aac9760000000p-2
52,59,0x1.4d7fa80000000p-4
53,4,0x1.1351220000000p-2
53,10,0x1.19e9460000000p-1
53,12,0x1.c719f60000000p-3
53,17,0x1.6247220000000p-1
53,20,0x1.5f1d8e0000000p-1
53,21,0x1.caa5760000000p-2
53,23,0x1.11eff80000000p-2
53,29,0x1.219ab40000000p-5
53,30,0x1.fed2440000000p-1
53,32,0x1.31fd9a0000000p-1
53,39,0x1.4a0bf40000000p-1
54,3,0x1.63eb560000000p-3
54,19,0x1.44745c0000000p-2
54,22,0x1.c7ad800000000p-1
54,28,0x1.00a1b00000000p-3
54,29,0x1.924be60000000p-1
54,31,0x1.09df960000000p-3
54,36,0x1.fa18340000000p-1
54,37,0x1.3f13420000000p-1
54,42,0x1.347e280000000p-3
54,43,0x1.1f2bea0000000p-3
54,45,0x1.4be7b60000000p-4
54,49,0x1.58eff80000000p-2
54,50,0x1.b73c100000000p-2
54,54,0x1.2115600000000p+0
54,55,0x1.fe0c1e0000000p-1
55,1,0x1.9dc05a0000000p-1
55,5,0x1.948ba20000000p-1
55,6,0x1.557cb20000000p-1
55,22,0x1.2c95560000000p-2
55,28,0x1.b5f0960000000p-1
55,29,0x1.a5fddc0000000p-1
55,30,0x1.befad20000000p-1
55,34,0x1.2f5db80000000p-2
55,39,0x1.6987040000000p-1
55,42,0x1.fae84e0000000p-1
55,43,0x1.341e700000000p-1
55,49,0x1.a2b9160000000p-1
55,50,0x1.5bb4c20000000p-2
55,51,0x1.ec72e20000000p-2
55,54,0x1.fe0c1e0000000p-1
55,57,0x1.0a708e0000000p-2
56,1,0x1.1414460000000p-2
56,14,0x1.a00d580000000p-2
56,25,0x1.c0abca0000000p-2
56,27,0x1.1464b80000000p-1
56,30,0x1.58a2ea0000000p-2
56,31,0x1.f3bdce0000000p-1
56,41,0x1.5019340000000p-1
56,43,0x1.ebaee00000000p-3
56,44,0x1.ff02b20000000p-1
56,56,0x1.90b7c20000000p+0
56,57,0x1.296e4a0000000p+0
57,6,0x1.ab57200000000p-1
57,13,0x1.ee1e580000000p-2
57,14,0x1.04479a0000000p-5
57,16,0x1.50bfcc0000000p-4
57,20,0x1.3422640000000p-1
57,21,0x1.9916e40000000p-1
57,24,0x1.cfeede0000000p-1
57,31,0x1.c7859a0000000p-1
57,33,0x1.aa3c460000000p-7
57,37,0x1.89d24a0000000p-1
57,40,0x1.56c39c0000000p-2
57,42,0x1.b21f7a0000000p-7
57,43,0x1.7166a80000000p+0
57,44,0x1.f89d820000000p-5
57,47,0x1.9a190e0000000p-1
57,49,0x1.91e3160000000p-2
57,50,0x1.f69fb00000000p-10
57,55,0x1.0a708e0000000p-2
57,56,0x1.296e4a0000000p+0
57,57,0x1.5faf940000000p+0
57,59,0x1.554b400000000p-1
58,5,0x1.8b79240000000p-2
58,9,0x1.46952e0000000p+0
58,11,0x1.251d460000000p-5
58,12,0x1.06ddb80000000p-4
58,13,0x1.95b0f40000000p+0
58,14,0x1.9158d80000000p-1
58,17,0x1.678cfc0000000p-1
58,19,0x1.f0fcb60000000p-1
58,30,0x1.64fcae0000000p-1
58,33,0x1.dbdc8c0000000p-1
58,39,0x1.8b25bc0000000p-1
58,40,0x1.f078f40000000p-1
58,42,0x1.1a70b20000000p-1
58,44,0x1.3bcd540000000p-1
58,49,0x1.2e80340000000p-3
58,58,0x1.2dcc680000000p+0
59,5,0x1.52d7ec0000000p-2
59,8,0x1.8501c60000000p-1
59,10,0x1.ef0ab60000000p-1
59,17,0x1.efcc400000000p-1
59,18,0x1.8931900000000p-4
59,19,0x1.df1c0a0000000p-1
59,20,0x1.e516b80000000p-1
59,22,0x1.32d8600000000p-1
59,27,0x1.b1ca4c0000000p-1
59,34,0x1.a3ae000000000p-1
59,37,0x1.b76ef80000000p-1
59,49,0x1.2f35240000000p-1
59,52,0x1.4d7fa80000000p-4
59,57,0x1.554b400000000p-1
